[{"model": "survey.survey", "pk": 1, "fields": {"name": "About You", "description": "Your age and gender", "is_published": true, "need_logged_user": true, "editable_answers": false, "display_method": 0, "template": null, "publish_date": "2020-10-18", "expire_date": "2021-01-01"}}, {"model": "survey.survey", "pk": 2, "fields": {"name": "Mood and feelings", "description": "Questions about how you have been feeling recently", "is_published": true, "need_logged_user": true, "editable_answers": true, "display_method": 2, "template": null, "publish_date": "2020-10-18", "expire_date": "2021-01-01"}}, {"model": "survey.survey", "pk": 3, "fields": {"name": "Personality", "description": "Please describe yourself on a 1 to 5 scale on each of the following 30 personality traits, where 1 is extremely low (i.e., extremely lower than the average person), 2 is low, 3 is neither high nor low (i.e., does not differ from the average person), 4 is high and 5 is extremely high. Use any number from 1 to 5. Please provide a rating for all 30 traits.\r\n\r\nFor example on the first trait (anxiousness), a score of 1 would indicate that you think you are extremely low in anxiousness (i.e., relaxed, unconcerned, cool). A score of 2 would indicate that you think you are low in anxiousness (lower than the average person, but not extremely low). A score of 5 would indicate that you think you are extremely high in anxiousness (i.e., fearful, apprehensive); a score of 4 would indicate you think you are higher than the average person in anxiousness, but not extremely high. A score of 3 would indicate that you think you are neither high nor low in anxiousness (does not differ from the average person) or that you are unable to decide.", "is_published": true, "need_logged_user": true, "editable_answers": false, "display_method": 0, "template": null, "publish_date": "2020-10-18", "expire_date": "2021-01-01"}}, {"model": "survey.category", "pk": 1, "fields": {"name": "Your mood right now", "survey": 2, "order": 1, "description": "On a scale of one to ten, where one is not at all and ten is completely, how much do you agree with the following statements?"}}, {"model": "survey.category", "pk": 2, "fields": {"name": "The last two weeks", "survey": 2, "order": 3, "description": "Please choose the number that best describes your experience of each over the last two weeks"}}, {"model": "survey.category", "pk": 3, "fields": {"name": "The last week", "survey": 2, "order": 2, "description": "Please indicate the extent you have felt each way over the past week"}}, {"model": "survey.category", "pk": 4, "fields": {"name": "Neuroticism versus Emotional Stability:", "survey": 3, "order": 1, "description": "5= Extremely high 4= High 3= Neither high nor low 2= Low 1=Extremely Low"}}, {"model": "survey.category", "pk": 5, "fields": {"name": "Extraversion versus Introversion:", "survey": 3, "order": 2, "description": "5= Extremely high 4= High 3= Neither high nor low 2= Low 1=Extremely Low"}}, {"model": "survey.category", "pk": 6, "fields": {"name": "Openness versus Closedness to one\u2019s own Experience:", "survey": 3, "order": 3, "description": "5= Extremely high 4= High 3= Neither high nor low 2= Low 1=Extremely Low"}}, {"model": "survey.category", "pk": 7, "fields": {"name": "Agreeableness versus Antagonism:", "survey": 3, "order": 4, "description": "5= Extremely high 4= High 3= Neither high nor low 2= Low 1=Extremely Low"}}, {"model": "survey.category", "pk": 8, "fields": {"name": "Conscientiousness versus Undependability:", "survey": 3, "order": 5, "description": "5= Extremely high 4= High 3= Neither high nor low 2= Low 1=Extremely Low"}}, {"model": "survey.question", "pk": 1, "fields": {"text": "Your age in years", "order": 1, "required": true, "category": null, "survey": 1, "type": "integer", "choices": ""}}, {"model": "survey.question", "pk": 2, "fields": {"text": "Your gender", "order": 2, "required": true, "category": null, "survey": 1, "type": "short-text", "choices": ""}}, {"model": "survey.question", "pk": 3, "fields": {"text": "I feel sad", "order": 1, "required": true, "category": 1, "survey": 2, "type": "radio", "choices": "1, 2, 3, 4, 5, 6, 7, 8, 9, 10"}}, {"model": "survey.question", "pk": 4, "fields": {"text": "I feel relaxed", "order": 2, "required": true, "category": 1, "survey": 2, "type": "radio", "choices": "1, 2, 3, 4, 5, 6, 7, 8, 9, 10"}}, {"model": "survey.question", "pk": 5, "fields": {"text": "I feel frustrated", "order": 3, "required": true, "category": 1, "survey": 2, "type": "radio", "choices": "1, 2, 3, 4, 5, 6, 7, 8, 9, 10"}}, {"model": "survey.question", "pk": 6, "fields": {"text": "I feel worried", "order": 4, "required": true, "category": 1, "survey": 2, "type": "radio", "choices": "1, 2, 3, 4, 5, 6, 7, 8, 9, 10"}}, {"model": "survey.question", "pk": 7, "fields": {"text": "I feel cheerful", "order": 5, "required": true, "category": 1, "survey": 2, "type": "radio", "choices": "1, 2, 3, 4, 5, 6, 7, 8, 9, 10"}}, {"model": "survey.question", "pk": 8, "fields": {"text": "I've been feeling optimistic about the future", "order": 6, "required": true, "category": 2, "survey": 2, "type": "radio", "choices": "1 - None of the Time, 2 - Rarely, 3 - Some of the Time, 4 - Often, 5 - All of the Time"}}, {"model": "survey.question", "pk": 9, "fields": {"text": "I've been feeling useful", "order": 7, "required": true, "category": 2, "survey": 2, "type": "radio", "choices": "1 - None of the Time, 2 - Rarely, 3 - Some of the Time, 4 - Often, 5 - All of the Time"}}, {"model": "survey.question", "pk": 10, "fields": {"text": "I've been feeling relaxed", "order": 8, "required": true, "category": 2, "survey": 2, "type": "radio", "choices": "1 - None of the Time, 2 - Rarely, 3 - Some of the Time, 4 - Often, 5 - All of the Time"}}, {"model": "survey.question", "pk": 11, "fields": {"text": "I've been dealing with problems well", "order": 9, "required": true, "category": 2, "survey": 2, "type": "radio", "choices": "1 - None of the Time, 2 - Rarely, 3 - Some of the Time, 4 - Often, 5 - All of the Time"}}, {"model": "survey.question", "pk": 12, "fields": {"text": "I've been thinking clearly", "order": 10, "required": true, "category": 2, "survey": 2, "type": "radio", "choices": "1 - None of the Time, 2 - Rarely, 3 - Some of the Time, 4 - Often, 5 - All of the Time"}}, {"model": "survey.question", "pk": 13, "fields": {"text": "I've been feeling close to other people", "order": 11, "required": true, "category": 2, "survey": 2, "type": "radio", "choices": "1 - None of the Time, 2 - Rarely, 3 - Some of the Time, 4 - Often, 5 - All of the Time"}}, {"model": "survey.question", "pk": 14, "fields": {"text": "I've been able to make up my own mind about things", "order": 12, "required": true, "category": 2, "survey": 2, "type": "radio", "choices": "1 - None of the Time, 2 - Rarely, 3 - Some of the Time, 4 - Often, 5 - All of the Time"}}, {"model": "survey.question", "pk": 15, "fields": {"text": "Interested", "order": 13, "required": true, "category": 3, "survey": 2, "type": "radio", "choices": "1 - Very slightly or not at all, 2 - A little, 3 - Moderately, 4 - Quite a bit, 5 - Extremely"}}, {"model": "survey.question", "pk": 16, "fields": {"text": "Distressed", "order": 14, "required": true, "category": 3, "survey": 2, "type": "radio", "choices": "1 - Very slightly or not at all, 2 - A little, 3 - Moderately, 4 - Quite a bit, 5 - Extremely"}}, {"model": "survey.question", "pk": 17, "fields": {"text": "Excited", "order": 15, "required": true, "category": 3, "survey": 2, "type": "radio", "choices": "1 - Very slightly or not at all, 2 - A little, 3 - Moderately, 4 - Quite a bit, 5 - Extremely"}}, {"model": "survey.question", "pk": 18, "fields": {"text": "Upset", "order": 16, "required": true, "category": 3, "survey": 2, "type": "radio", "choices": "1 - Very slightly or not at all, 2 - A little, 3 - Moderately, 4 - Quite a bit, 5 - Extremely"}}, {"model": "survey.question", "pk": 19, "fields": {"text": "Strong", "order": 17, "required": true, "category": 3, "survey": 2, "type": "radio", "choices": "1 - Very slightly or not at all, 2 - A little, 3 - Moderately, 4 - Quite a bit, 5 - Extremely"}}, {"model": "survey.question", "pk": 20, "fields": {"text": "Guilty", "order": 18, "required": true, "category": 3, "survey": 2, "type": "radio", "choices": "1 - Very slightly or not at all, 2 - A little, 3 - Moderately, 4 - Quite a bit, 5 - Extremely"}}, {"model": "survey.question", "pk": 21, "fields": {"text": "Scared", "order": 19, "required": true, "category": 3, "survey": 2, "type": "radio", "choices": "1 - Very slightly or not at all, 2 - A little, 3 - Moderately, 4 - Quite a bit, 5 - Extremely"}}, {"model": "survey.question", "pk": 22, "fields": {"text": "Hostile", "order": 20, "required": true, "category": 3, "survey": 2, "type": "radio", "choices": "1 - Very slightly or not at all, 2 - A little, 3 - Moderately, 4 - Quite a bit, 5 - Extremely"}}, {"model": "survey.question", "pk": 23, "fields": {"text": "Enthusiastic", "order": 21, "required": true, "category": 3, "survey": 2, "type": "radio", "choices": "1 - Very slightly or not at all, 2 - A little, 3 - Moderately, 4 - Quite a bit, 5 - Extremely"}}, {"model": "survey.question", "pk": 24, "fields": {"text": "Proud", "order": 22, "required": true, "category": 3, "survey": 2, "type": "radio", "choices": "1 - Very slightly or not at all, 2 - A little, 3 - Moderately, 4 - Quite a bit, 5 - Extremely"}}, {"model": "survey.question", "pk": 25, "fields": {"text": "Irritable", "order": 23, "required": true, "category": 3, "survey": 2, "type": "radio", "choices": "1 - Very slightly or not at all, 2 - A little, 3 - Moderately, 4 - Quite a bit, 5 - Extremely"}}, {"model": "survey.question", "pk": 26, "fields": {"text": "Alert", "order": 24, "required": true, "category": 3, "survey": 2, "type": "radio", "choices": "1 - Very slightly or not at all, 2 - A little, 3 - Moderately, 4 - Quite a bit, 5 - Extremely"}}, {"model": "survey.question", "pk": 27, "fields": {"text": "Ashamed", "order": 25, "required": true, "category": 3, "survey": 2, "type": "radio", "choices": "1 - Very slightly or not at all, 2 - A little, 3 - Moderately, 4 - Quite a bit, 5 - Extremely"}}, {"model": "survey.question", "pk": 28, "fields": {"text": "Inspired", "order": 26, "required": true, "category": 3, "survey": 2, "type": "radio", "choices": "1 - Very slightly or not at all, 2 - A little, 3 - Moderately, 4 - Quite a bit, 5 - Extremely"}}, {"model": "survey.question", "pk": 29, "fields": {"text": "Nervous", "order": 27, "required": true, "category": 3, "survey": 2, "type": "radio", "choices": "1 - Very slightly or not at all, 2 - A little, 3 - Moderately, 4 - Quite a bit, 5 - Extremely"}}, {"model": "survey.question", "pk": 30, "fields": {"text": "Determined", "order": 28, "required": true, "category": 3, "survey": 2, "type": "radio", "choices": "1 - Very slightly or not at all, 2 - A little, 3 - Moderately, 4 - Quite a bit, 5 - Extremely"}}, {"model": "survey.question", "pk": 31, "fields": {"text": "Attentive", "order": 29, "required": true, "category": 3, "survey": 2, "type": "radio", "choices": "1 - Very slightly or not at all, 2 - A little, 3 - Moderately, 4 - Quite a bit, 5 - Extremely"}}, {"model": "survey.question", "pk": 32, "fields": {"text": "Jittery", "order": 30, "required": true, "category": 3, "survey": 2, "type": "radio", "choices": "1 - Very slightly or not at all, 2 - A little, 3 - Moderately, 4 - Quite a bit, 5 - Extremely"}}, {"model": "survey.question", "pk": 33, "fields": {"text": "Active", "order": 31, "required": true, "category": 3, "survey": 2, "type": "radio", "choices": "1 - Very slightly or not at all, 2 - A little, 3 - Moderately, 4 - Quite a bit, 5 - Extremely"}}, {"model": "survey.question", "pk": 34, "fields": {"text": "Afraid", "order": 32, "required": true, "category": 3, "survey": 2, "type": "radio", "choices": "1 - Very slightly or not at all, 2 - A little, 3 - Moderately, 4 - Quite a bit, 5 - Extremely"}}, {"model": "survey.question", "pk": 35, "fields": {"text": "Anxiousness", "order": 1, "required": true, "category": 4, "survey": 3, "type": "radio", "choices": "5 (fearful; apprehensive), 4, 3, 2, 1 (relaxed; unconcerned; cool)"}}, {"model": "survey.question", "pk": 36, "fields": {"text": "Angry Hostility", "order": 2, "required": true, "category": 4, "survey": 3, "type": "radio", "choices": "5 (angry; bitter), 4, 3, 2, 1 (even-tempered)"}}, {"model": "survey.question", "pk": 37, "fields": {"text": "Depressiveness", "order": 3, "required": true, "category": 4, "survey": 3, "type": "radio", "choices": "5 (pessimistic; glum), 4, 3, 2, 1 (optimistic)"}}, {"model": "survey.question", "pk": 38, "fields": {"text": "Self-consciousness", "order": 4, "required": true, "category": 4, "survey": 3, "type": "radio", "choices": "5 (timid; embarrassed), 4, 3, 2, 1 (self-assured; glib; shameless)"}}, {"model": "survey.question", "pk": 39, "fields": {"text": "Impulsivity", "order": 5, "required": true, "category": 4, "survey": 3, "type": "radio", "choices": "5 (tempted; urgency), 4, 3, 2, 1 (controlled; restrained)"}}, {"model": "survey.question", "pk": 40, "fields": {"text": "Vulnerability", "order": 6, "required": true, "category": 4, "survey": 3, "type": "radio", "choices": "5 (helpless; fragile), 4, 3, 2, 1 (clear-thinking; fearless; unflappable)"}}, {"model": "survey.question", "pk": 41, "fields": {"text": "Warmth", "order": 7, "required": true, "category": 5, "survey": 3, "type": "radio", "choices": "5 (cordial; affectionate; attached), 4, 3, 2, 1 (cold; aloof; indifferent)"}}, {"model": "survey.question", "pk": 42, "fields": {"text": "Gregariousness", "order": 8, "required": true, "category": 5, "survey": 3, "type": "radio", "choices": "5 (sociable; outgoing), 4, 3, 2, 1 (withdrawn; isolated)"}}, {"model": "survey.question", "pk": 43, "fields": {"text": "Assertiveness", "order": 9, "required": true, "category": 5, "survey": 3, "type": "radio", "choices": "5 (dominant; forceful), 4, 3, 2, 1 (unassuming; quiet; resigned)"}}, {"model": "survey.question", "pk": 44, "fields": {"text": "Activity", "order": 10, "required": true, "category": 5, "survey": 3, "type": "radio", "choices": "5 (vigorous; energetic; active), 4, 3, 2, 1 (passive; lethargic)"}}, {"model": "survey.question", "pk": 45, "fields": {"text": "Excitement-seeking", "order": 11, "required": true, "category": 5, "survey": 3, "type": "radio", "choices": "5 (reckless; daring), 4, 3, 2, 1 (cautious; monotonous; dull)"}}, {"model": "survey.question", "pk": 46, "fields": {"text": "Positive Emotion", "order": 12, "required": true, "category": 5, "survey": 3, "type": "radio", "choices": "5 (high-spirited), 4, 3, 2, 1 (placid; anhedonic)"}}, {"model": "survey.question", "pk": 47, "fields": {"text": "Fantasty", "order": 13, "required": true, "category": 6, "survey": 3, "type": "radio", "choices": "5 (dreamer; unrealistic; imaginative), 4, 3, 2, 1 (practical; concrete)"}}, {"model": "survey.question", "pk": 48, "fields": {"text": "Aesthetics", "order": 14, "required": true, "category": 6, "survey": 3, "type": "radio", "choices": "5 (aberrant interests; aesthetic), 4, 3, 2, 1 (uninvolved; no aesthetic interests)"}}, {"model": "survey.question", "pk": 49, "fields": {"text": "Feelings", "order": 15, "required": true, "category": 6, "survey": 3, "type": "radio", "choices": "5 (self-aware), 4, 3, 2, 1 (constricted; unaware; alexythymic)"}}, {"model": "survey.question", "pk": 50, "fields": {"text": "Actions", "order": 16, "required": true, "category": 6, "survey": 3, "type": "radio", "choices": "5 (unconventional; eccentric), 4, 3, 2, 1 (routine; predictable; habitual; stubborn)"}}, {"model": "survey.question", "pk": 51, "fields": {"text": "Ideas", "order": 17, "required": true, "category": 6, "survey": 3, "type": "radio", "choices": "5 (strange; odd; peculiar; creative), 4, 3, 2, 1 (pragmatic; rigid)"}}, {"model": "survey.question", "pk": 52, "fields": {"text": "Values", "order": 18, "required": true, "category": 6, "survey": 3, "type": "radio", "choices": "5 (permissive; broad-minded), 4, 3, 2, 1 (traditional; inflexible; dogmatic)"}}, {"model": "survey.question", "pk": 53, "fields": {"text": "Trust", "order": 19, "required": true, "category": 7, "survey": 3, "type": "radio", "choices": "5 (gullible; naive; trusting), 4, 3, 2, 1 (skeptical; cynical; suspicious; paranoid)"}}, {"model": "survey.question", "pk": 54, "fields": {"text": "Straightforwardness", "order": 20, "required": true, "category": 7, "survey": 3, "type": "radio", "choices": "5 (confiding; honest), 4, 3, 2, 1 (cunning; manipulative; deceptive)"}}, {"model": "survey.question", "pk": 55, "fields": {"text": "Altruism", "order": 21, "required": true, "category": 7, "survey": 3, "type": "radio", "choices": "5 (sacrificial; giving), 4, 3, 2, 1 (stingy; selfish; greedy; exploitative)"}}, {"model": "survey.question", "pk": 56, "fields": {"text": "Compliance", "order": 22, "required": true, "category": 7, "survey": 3, "type": "radio", "choices": "5 (docile; cooperative), 4, 3, 2, 1 (oppositional; combative; aggressive)"}}, {"model": "survey.question", "pk": 57, "fields": {"text": "Modesty", "order": 23, "required": true, "category": 7, "survey": 3, "type": "radio", "choices": "5 (meek; self-effacing; humble), 4, 3, 2, 1 (confident; boastful; arrogant)"}}, {"model": "survey.question", "pk": 58, "fields": {"text": "Tender-Mindedness", "order": 24, "required": true, "category": 7, "survey": 3, "type": "radio", "choices": "5 (soft; empathetic), 4, 3, 2, 1 (tough; callous; ruthless)"}}, {"model": "survey.question", "pk": 59, "fields": {"text": "Competence", "order": 25, "required": true, "category": 8, "survey": 3, "type": "radio", "choices": "5 (perfectionistic; efficient), 4, 3, 2, 1 (lax; negligent)"}}, {"model": "survey.question", "pk": 60, "fields": {"text": "Order", "order": 26, "required": true, "category": 8, "survey": 3, "type": "radio", "choices": "5 (ordered; methodical; organised), 4, 3, 2, 1 (haphazard; disorganised; sloppy)"}}, {"model": "survey.question", "pk": 61, "fields": {"text": "Dutifullness", "order": 27, "required": true, "category": 8, "survey": 3, "type": "radio", "choices": "5 (rigid; reliable; dependable), 4, 3, 2, 1 (casual; undependable; unethical)"}}, {"model": "survey.question", "pk": 62, "fields": {"text": "Achievement", "order": 28, "required": true, "category": 8, "survey": 3, "type": "radio", "choices": "5 (workaholic; ambitious), 4, 3, 2, 1 (aimless; desultory)"}}, {"model": "survey.question", "pk": 63, "fields": {"text": "Self-Discipline", "order": 29, "required": true, "category": 8, "survey": 3, "type": "radio", "choices": "5 (dogged; devoted), 4, 3, 2, 1 (hedonistic; negligent)"}}, {"model": "survey.question", "pk": 64, "fields": {"text": "Deliberation", "order": 30, "required": true, "category": 8, "survey": 3, "type": "radio", "choices": "5 (cautious; ruminative; reflective), 4, 3, 2, 1 (hasty; careless; rash)"}}]